1,01/01/2018,Monday,January
2,02/01/2018,Tuesday,January
3,03/01/2018,Wednesday,January
4,04/01/2018,Thursday,January
5,05/01/2018,Friday,January
6,06/01/2018,Saturday,January
7,07/01/2018,Sunday,January
8,08/01/2018,Monday,January
9,09/01/2018,Tuesday,January
10,10/01/2018,Wednesday,January
11,11/01/2018,Thursday,January
12,12/01/2018,Friday,January
13,13/01/2018,Saturday,January
14,14/01/2018,Sunday,January
15,15/01/2018,Monday,January
16,16/01/2018,Tuesday,January
17,17/01/2018,Wednesday,January
18,18/01/2018,Thursday,January
19,19/01/2018,Friday,January
20,20/01/2018,Saturday,January
21,21/01/2018,Sunday,January
22,22/01/2018,Monday,January
23,23/01/2018,Tuesday,January
24,24/01/2018,Wednesday,January
25,25/01/2018,Thursday,January
26,26/01/2018,Friday,January
27,27/01/2018,Saturday,January
28,28/01/2018,Sunday,January
29,29/01/2018,Monday,January
30,30/01/2018,Tuesday,January
31,31/01/2018,Wednesday,January
32,01/02/2018,Thursday,February
33,02/02/2018,Friday,February
34,03/02/2018,Saturday,February
35,04/02/2018,Sunday,February
36,05/02/2018,Monday,February
37,06/02/2018,Tuesday,February
38,07/02/2018,Wednesday,February
39,08/02/2018,Thursday,February
40,09/02/2018,Friday,February
41,10/02/2018,Saturday,February
42,11/02/2018,Sunday,February
43,12/02/2018,Monday,February
44,13/02/2018,Tuesday,February
45,14/02/2018,Wednesday,February
46,15/02/2018,Thursday,February
47,16/02/2018,Friday,February
48,17/02/2018,Saturday,February
49,18/02/2018,Sunday,February
50,19/02/2018,Monday,February
51,20/02/2018,Tuesday,February
52,21/02/2018,Wednesday,February
53,22/02/2018,Thursday,February
54,23/02/2018,Friday,February
55,24/02/2018,Saturday,February
56,25/02/2018,Sunday,February
57,26/02/2018,Monday,February
58,27/02/2018,Tuesday,February
59,28/02/2018,Wednesday,February
60,01/03/2018,Thursday,March
61,02/03/2018,Friday,March
62,03/03/2018,Saturday,March
63,04/03/2018,Sunday,March
64,05/03/2018,Monday,March
65,06/03/2018,Tuesday,March
66,07/03/2018,Wednesday,March
67,08/03/2018,Thursday,March
68,09/03/2018,Friday,March
69,10/03/2018,Saturday,March
70,11/03/2018,Sunday,March
71,12/03/2018,Monday,March
72,13/03/2018,Tuesday,March
73,14/03/2018,Wednesday,March
74,15/03/2018,Thursday,March
75,16/03/2018,Friday,March
76,17/03/2018,Saturday,March
77,18/03/2018,Sunday,March
78,19/03/2018,Monday,March
79,20/03/2018,Tuesday,March
80,21/03/2018,Wednesday,March
81,22/03/2018,Thursday,March
82,23/03/2018,Friday,March
83,24/03/2018,Saturday,March
84,25/03/2018,Sunday,March
85,26/03/2018,Monday,March
86,27/03/2018,Tuesday,March
87,28/03/2018,Wednesday,March
88,29/03/2018,Thursday,March
89,30/03/2018,Friday,March
90,31/03/2018,Saturday,March
91,01/04/2018,Sunday,April
92,02/04/2018,Monday,April
93,03/04/2018,Tuesday,April
94,04/04/2018,Wednesday,April
95,05/04/2018,Thursday,April
96,06/04/2018,Friday,April
97,07/04/2018,Saturday,April
98,08/04/2018,Sunday,April
99,09/04/2018,Monday,April
100,10/04/2018,Tuesday,April
101,11/04/2018,Wednesday,April
102,12/04/2018,Thursday,April
103,13/04/2018,Friday,April
104,14/04/2018,Saturday,April
105,15/04/2018,Sunday,April
106,16/04/2018,Monday,April
107,17/04/2018,Tuesday,April
108,18/04/2018,Wednesday,April
109,19/04/2018,Thursday,April
110,20/04/2018,Friday,April
111,21/04/2018,Saturday,April
112,22/04/2018,Sunday,April
113,23/04/2018,Monday,April
114,24/04/2018,Tuesday,April
115,25/04/2018,Wednesday,April
116,26/04/2018,Thursday,April
117,27/04/2018,Friday,April
118,28/04/2018,Saturday,April
119,29/04/2018,Sunday,April
120,30/04/2018,Monday,April
121,01/05/2018,Tuesday,May
122,02/05/2018,Wednesday,May
123,03/05/2018,Thursday,May
124,04/05/2018,Friday,May
125,05/05/2018,Saturday,May
126,06/05/2018,Sunday,May
127,07/05/2018,Monday,May
128,08/05/2018,Tuesday,May
129,09/05/2018,Wednesday,May
130,10/05/2018,Thursday,May
131,11/05/2018,Friday,May
132,12/05/2018,Saturday,May
133,13/05/2018,Sunday,May
134,14/05/2018,Monday,May
135,15/05/2018,Tuesday,May
136,16/05/2018,Wednesday,May
137,17/05/2018,Thursday,May
138,18/05/2018,Friday,May
139,19/05/2018,Saturday,May
140,20/05/2018,Sunday,May
141,21/05/2018,Monday,May
142,22/05/2018,Tuesday,May
143,23/05/2018,Wednesday,May
144,24/05/2018,Thursday,May
145,25/05/2018,Friday,May
146,26/05/2018,Saturday,May
147,27/05/2018,Sunday,May
148,28/05/2018,Monday,May
149,29/05/2018,Tuesday,May
150,30/05/2018,Wednesday,May
151,31/05/2018,Thursday,May
152,01/06/2018,Friday,June
153,02/06/2018,Saturday,June
154,03/06/2018,Sunday,June
155,04/06/2018,Monday,June
156,05/06/2018,Tuesday,June
157,06/06/2018,Wednesday,June
158,07/06/2018,Thursday,June
159,08/06/2018,Friday,June
160,09/06/2018,Saturday,June
161,10/06/2018,Sunday,June
162,11/06/2018,Monday,June
163,12/06/2018,Tuesday,June
164,13/06/2018,Wednesday,June
165,14/06/2018,Thursday,June
166,15/06/2018,Friday,June
167,16/06/2018,Saturday,June
168,17/06/2018,Sunday,June
169,18/06/2018,Monday,June
170,19/06/2018,Tuesday,June
171,20/06/2018,Wednesday,June
172,21/06/2018,Thursday,June
173,22/06/2018,Friday,June
174,23/06/2018,Saturday,June
175,24/06/2018,Sunday,June
176,25/06/2018,Monday,June
177,26/06/2018,Tuesday,June
178,27/06/2018,Wednesday,June
179,28/06/2018,Thursday,June
180,29/06/2018,Friday,June
181,30/06/2018,Saturday,June
182,01/07/2018,Sunday,July
183,02/07/2018,Monday,July
184,03/07/2018,Tuesday,July
185,04/07/2018,Wednesday,July
186,05/07/2018,Thursday,July
187,06/07/2018,Friday,July
188,07/07/2018,Saturday,July
189,08/07/2018,Sunday,July
190,09/07/2018,Monday,July
191,10/07/2018,Tuesday,July
192,11/07/2018,Wednesday,July
193,12/07/2018,Thursday,July
194,13/07/2018,Friday,July
195,14/07/2018,Saturday,July
196,15/07/2018,Sunday,July
197,16/07/2018,Monday,July
198,17/07/2018,Tuesday,July
199,18/07/2018,Wednesday,July
200,19/07/2018,Thursday,July
201,20/07/2018,Friday,July
202,21/07/2018,Saturday,July
203,22/07/2018,Sunday,July
204,23/07/2018,Monday,July
205,24/07/2018,Tuesday,July
206,25/07/2018,Wednesday,July
207,26/07/2018,Thursday,July
208,27/07/2018,Friday,July
209,28/07/2018,Saturday,July
210,29/07/2018,Sunday,July
211,30/07/2018,Monday,July
212,31/07/2018,Tuesday,July
213,01/08/2018,Wednesday,August
214,02/08/2018,Thursday,August
215,03/08/2018,Friday,August
216,04/08/2018,Saturday,August
217,05/08/2018,Sunday,August
218,06/08/2018,Monday,August
219,07/08/2018,Tuesday,August
220,08/08/2018,Wednesday,August
221,09/08/2018,Thursday,August
222,10/08/2018,Friday,August
223,11/08/2018,Saturday,August
224,12/08/2018,Sunday,August
225,13/08/2018,Monday,August
226,14/08/2018,Tuesday,August
227,15/08/2018,Wednesday,August
228,16/08/2018,Thursday,August
229,17/08/2018,Friday,August
230,18/08/2018,Saturday,August
231,19/08/2018,Sunday,August
232,20/08/2018,Monday,August
233,21/08/2018,Tuesday,August
234,22/08/2018,Wednesday,August
235,23/08/2018,Thursday,August
236,24/08/2018,Friday,August
237,25/08/2018,Saturday,August
238,26/08/2018,Sunday,August
239,27/08/2018,Monday,August
240,28/08/2018,Tuesday,August
241,29/08/2018,Wednesday,August
242,30/08/2018,Thursday,August
243,31/08/2018,Friday,August
244,01/09/2018,Saturday,September
245,02/09/2018,Sunday,September
246,03/09/2018,Monday,September
247,04/09/2018,Tuesday,September
248,05/09/2018,Wednesday,September
249,06/09/2018,Thursday,September
250,07/09/2018,Friday,September
251,08/09/2018,Saturday,September
252,09/09/2018,Sunday,September
253,10/09/2018,Monday,September
254,11/09/2018,Tuesday,September
255,12/09/2018,Wednesday,September
256,13/09/2018,Thursday,September
257,14/09/2018,Friday,September
258,15/09/2018,Saturday,September
259,16/09/2018,Sunday,September
260,17/09/2018,Monday,September
261,18/09/2018,Tuesday,September
262,19/09/2018,Wednesday,September
263,20/09/2018,Thursday,September
264,21/09/2018,Friday,September
265,22/09/2018,Saturday,September
266,23/09/2018,Sunday,September
267,24/09/2018,Monday,September
268,25/09/2018,Tuesday,September
269,26/09/2018,Wednesday,September
270,27/09/2018,Thursday,September
271,28/09/2018,Friday,September
272,29/09/2018,Saturday,September
273,30/09/2018,Sunday,September
274,01/10/2018,Monday,October
275,02/10/2018,Tuesday,October
276,03/10/2018,Wednesday,October
277,04/10/2018,Thursday,October
278,05/10/2018,Friday,October
279,06/10/2018,Saturday,October
280,07/10/2018,Sunday,October
281,08/10/2018,Monday,October
282,09/10/2018,Tuesday,October
283,10/10/2018,Wednesday,October
284,11/10/2018,Thursday,October
285,12/10/2018,Friday,October
286,13/10/2018,Saturday,October
287,14/10/2018,Sunday,October
288,15/10/2018,Monday,October
289,16/10/2018,Tuesday,October
290,17/10/2018,Wednesday,October
291,18/10/2018,Thursday,October
292,19/10/2018,Friday,October
293,20/10/2018,Saturday,October
294,21/10/2018,Sunday,October
295,22/10/2018,Monday,October
296,23/10/2018,Tuesday,October
297,24/10/2018,Wednesday,October
298,25/10/2018,Thursday,October
299,26/10/2018,Friday,October
300,27/10/2018,Saturday,October
301,28/10/2018,Sunday,October
302,29/10/2018,Monday,October
303,30/10/2018,Tuesday,October
304,31/10/2018,Wednesday,October
305,01/11/2018,Thursday,November
306,02/11/2018,Friday,November
307,03/11/2018,Saturday,November
308,04/11/2018,Sunday,November
309,05/11/2018,Monday,November
310,06/11/2018,Tuesday,November
311,07/11/2018,Wednesday,November
312,08/11/2018,Thursday,November
313,09/11/2018,Friday,November
314,10/11/2018,Saturday,November
315,11/11/2018,Sunday,November
316,12/11/2018,Monday,November
317,13/11/2018,Tuesday,November
318,14/11/2018,Wednesday,November
319,15/11/2018,Thursday,November
320,16/11/2018,Friday,November
321,17/11/2018,Saturday,November
322,18/11/2018,Sunday,November
323,19/11/2018,Monday,November
324,20/11/2018,Tuesday,November
325,21/11/2018,Wednesday,November
326,22/11/2018,Thursday,November
327,23/11/2018,Friday,November
328,24/11/2018,Saturday,November
329,25/11/2018,Sunday,November
330,26/11/2018,Monday,November
331,27/11/2018,Tuesday,November
332,28/11/2018,Wednesday,November
333,29/11/2018,Thursday,November
334,30/11/2018,Friday,November
335,01/12/2018,Saturday,December
336,02/12/2018,Sunday,December
337,03/12/2018,Monday,December
338,04/12/2018,Tuesday,December
339,05/12/2018,Wednesday,December
340,06/12/2018,Thursday,December
341,07/12/2018,Friday,December
342,08/12/2018,Saturday,December
343,09/12/2018,Sunday,December
344,10/12/2018,Monday,December
345,11/12/2018,Tuesday,December
346,12/12/2018,Wednesday,December
347,13/12/2018,Thursday,December
348,14/12/2018,Friday,December
349,15/12/2018,Saturday,December
350,16/12/2018,Sunday,December
351,17/12/2018,Monday,December
352,18/12/2018,Tuesday,December
353,19/12/2018,Wednesday,December
354,20/12/2018,Thursday,December
355,21/12/2018,Friday,December
356,22/12/2018,Saturday,December
357,23/12/2018,Sunday,December
358,24/12/2018,Monday,December
359,25/12/2018,Tuesday,December
360,26/12/2018,Wednesday,December
361,27/12/2018,Thursday,December
362,28/12/2018,Friday,December
363,29/12/2018,Saturday,December
364,30/12/2018,Sunday,December
365,31/12/2018,Monday,December
